current_club_name,minutes_played,market_value_in_eur,u21_players_count
1. Fußball- und Sportverein Mainz 05,761.0,7375000.0,7
1. Fußballclub Heidenheim 1846,1912.0,19250000.0,6
1. Fußballclub Union Berlin,3732.0,24785000.0,11
1.FC Köln,1930.0,10100000.0,6
A.G.S Asteras Tripolis,2599.0,1075000.0,7
AC Ajaccio,1077.0,1600000.0,8
AC Horsens,529.0,1550000.0,12
AE Kifisias,529.0,250000.0,1
AFC Ajax Amsterdam,19933.0,62200000.0,14
AO FK Zenit Sankt-Peterburg,5018.0,24500000.0,9
AO Xanthi,0.0,100000.0,2
APO Levadiakos Football Club,1324.0,300000.0,4
APS Atromitos Athinon,3671.0,950000.0,7
Aalborg Boldspilklub,6989.0,5825000.0,17
Aarhus Gymnastik Forening,5634.0,6125000.0,15
Aberdeen Football Club,2116.0,1050000.0,9
Adana Demirspor Kulübü,7514.0,4260000.0,20
Akron Togliatti,1811.0,1000000.0,4
Alanyaspor,24.0,975000.0,15
Alkmaar Zaanstreek,23276.0,41150000.0,17
Almere City Football Club,4329.0,2275000.0,4
Altay SK,0.0,725000.0,4
Angers Sporting Club de l'Ouest,2559.0,6600000.0,7
Antalyaspor,587.0,1550000.0,16
Apollon Smyrnis,10.0,75000.0,2
Aris Thessalonikis,1873.0,2700000.0,10
Arminia Bielefeld,138.0,625000.0,4
Arsenal Football Club,2625.0,104350000.0,13
Arsenal Tula,95.0,350000.0,1
Association Football Club Bournemouth,13797.0,110300000.0,13
Association de la Jeunesse auxerroise,1406.0,4350000.0,5
Association sportive de Monaco Football Club,17396.0,100050000.0,13
Association sportive de Saint-Étienne Loire,3011.0,9550000.0,5
Associazione Calcio Fiorentina,4193.0,43350000.0,13
Associazione Calcio Milan,4974.0,34100000.0,14
Associazione Calcio Monza,4632.0,26775000.0,12
Associazione Sportiva Roma,5781.0,27100000.0,21
Aston Villa Football Club,2023.0,31500000.0,17
Atalanta Bergamasca Calcio S.p.a.,9695.0,47775000.0,18
Athens Kallithea Football Club,1450.0,750000.0,3
Athletic Club Bilbao,5004.0,26750000.0,5
Athlitiki Enosi Konstantinoupoleos,45.0,800000.0,2
Avs - Futebol SAD,2109.0,3600000.0,2
B SAD,119.0,150000.0,1
Baltika Kaliningrad,108.0,200000.0,1
Bayer 04 Leverkusen Fußball,16698.0,159310000.0,12
Benevento Calcio,0.0,100000.0,1
Beşiktaş Jimnastik Kulübü,4634.0,27175000.0,15
Boavista Futebol Clube,5106.0,3100000.0,15
Bodrumspor Spor Faaliyetleri Anonim Şirketi,1193.0,1350000.0,7
Bologna Football Club 1909,4887.0,60625000.0,15
Borussia Dortmund,6938.0,83100000.0,11
Borussia Verein für Leibesübungen 1900 Mönchengladbach,8832.0,19900000.0,10
Brentford Football Club,7300.0,47300000.0,11
Brighton and Hove Albion Football Club,16878.0,136000000.0,14
Brøndby Idrætsforening,8466.0,9300000.0,12
Burnley FC,1394.0,8050000.0,3
CD Tondela,0.0,0.0,2
CS Marítimo,1.0,0.0,1
Cagliari Calcio,2494.0,7650000.0,6
Calcio Como,6659.0,66450000.0,6
Casa Pia Atlético Clube,751.0,1350000.0,6
Cercle Brugge Koninklijke Sportvereniging,18003.0,21325000.0,22
Chelsea Football Club,13852.0,133850000.0,27
Clermont Foot 63,2332.0,2475000.0,10
Club Atlético Osasuna,24.0,850000.0,3
Club Atlético de Madrid S.A.D.,5299.0,53350000.0,11
Club Brugge Koninklijke Voetbalvereniging,14417.0,58750000.0,15
Club Football Estrela da Amadora,1528.0,2400000.0,7
Clube Desportivo Nacional,1251.0,1050000.0,4
Clube Desportivo Santa Clara,0.0,1100000.0,3
Crystal Palace Football Club,7351.0,80975000.0,19
Cádiz CF,339.0,1650000.0,10
Denizlispor,1.0,50000.0,1
Deportivo Alavés S.A.D.,671.0,2300000.0,12
Desna Chernigiv,0.0,0.0,1
Dinamo Makhachkala,3072.0,2150000.0,6
Dundee Football Club,7635.0,1950000.0,12
Dundee United Football Club,5619.0,1850000.0,15
ESTAC Troyes,939.0,3100000.0,8
Eindhovense Voetbalvereniging Philips Sport Vereniging,964.0,14750000.0,9
Eintracht Frankfurt Fußball AG,11870.0,114450000.0,22
Elche CF,29.0,0.0,2
Empoli Football Club S.r.l.,3794.0,20500000.0,18
Everton Football Club,2068.0,19800000.0,6
Excelsior Rotterdam,3357.0,1250000.0,8
Eyüp Spor Kulübü,53.0,600000.0,5
FC Bayern München,4834.0,69850000.0,13
FC Crotone,0.0,175000.0,2
FC Emmen,16.0,50000.0,3
FC Girondins Bordeaux,0.0,500000.0,3
FC Ingulets Petrove,2815.0,975000.0,11
FC Lorient,2173.0,19100000.0,7
FC Metz,3367.0,4400000.0,7
FC Minaj,2312.0,710000.0,17
FC Oleksandriya,621.0,300000.0,13
FC Orenburg,17674.0,6875000.0,16
FC Paços de Ferreira,487.0,8300000.0,5
FC Rubin Kazan,5303.0,3575000.0,9
FC Rukh Lviv,25631.0,5900000.0,19
FC Schalke 04,41.0,200000.0,1
FC Shakhtar Donetsk,9820.0,45100000.0,13
FC Sochi,1707.0,1300000.0,12
FC Verbroedering Denderhoutem Denderleeuw Eendracht Hekelgem,1036.0,1500000.0,2
FC Vizela,155.0,375000.0,7
FC Volendam,7018.0,3275000.0,18
FC Zorya Lugansk,8975.0,2375000.0,21
FK Dinamo Moskva,8096.0,9600000.0,19
FK Fakel Voronezh,3581.0,1100000.0,7
FK Karpaty Lviv,14051.0,4400000.0,8
FK Khimki,653.0,210000.0,2
FK Kolos Kovalivka,4193.0,1500000.0,11
FK Krasnodar,3214.0,4750000.0,12
FK Kryvbas Kryvyi Rig,5075.0,1750000.0,10
FK Livyi Bereh,651.0,250000.0,2
FK Mariupol,0.0,25000.0,5
FK Nizhny Novgorod,2636.0,1700000.0,11
FK Obolon Kyiv,353.0,150000.0,8
FK Polissya Zhytomyr,7981.0,3050000.0,17
FK Rostov,16840.0,8900000.0,26
FK Spartak Moskva,1060.0,2200000.0,13
FK Ufa,0.0,50000.0,1
Fatih Karagümrük,1542.0,750000.0,8
Fenerbahçe Spor Kulübü,1020.0,6400000.0,23
Feyenoord Rotterdam,9867.0,52500000.0,14
Fodbold Club Midtjylland,15550.0,29375000.0,29
Fodbold Club Nordsjælland,10657.0,15500000.0,23
Football Club Groningen,17274.0,11325000.0,15
Football Club Internazionale Milano S.p.A.,1327.0,16700000.0,10
Football Club København,10445.0,24750000.0,15
Football Club Twente,1927.0,3200000.0,10
Football Club Utrecht,14075.0,20325000.0,16
Football Club de Nantes,3087.0,16000000.0,9
Fortuna Sittardia Combinatie,1405.0,2850000.0,10
Frosinone Calcio,396.0,825000.0,5
Fulham Football Club,447.0,3550000.0,9
Futbol Club Barcelona,35801.0,508200000.0,17
Futbolniy Klub Dynamo Kyiv,13146.0,9550000.0,9
Futebol Clube de Arouca,2339.0,1650000.0,2
Futebol Clube de Famalicão,6040.0,15825000.0,13
Futebol Clube do Porto,8276.0,100700000.0,9
Fußball-Club Augsburg 1907,913.0,14900000.0,8
Fußball-Club St. Pauli von 1910,1038.0,3925000.0,5
GD Chaves,63.0,100000.0,2
Galatasaray Spor Kulübü,4314.0,12300000.0,11
Gaziantep Futbol Kulübü A.Ş.,6546.0,4550000.0,8
Genclerbirligi Ankara,1.0,275000.0,5
Genoa Cricket and Football Club,8016.0,39900000.0,15
Getafe Club de Fútbol S.A.D. Team Dubai,4846.0,11900000.0,9
Gil Vicente Futebol Clube,2609.0,1850000.0,9
Giresunspor,745.0,625000.0,9
Girona Fútbol Club S. A. D.,10535.0,34150000.0,16
Go Ahead Eagles,7867.0,7725000.0,11
Granada CF,122.0,400000.0,4
Grupo Desportivo Estoril Praia,287.0,1000000.0,5
Göztepe Sportif Yatırımlar A.Ş.,5015.0,16010000.0,18
Hatayspor Futbol Kulübü,751.0,1475000.0,9
Heart of Midlothian Football Club,10208.0,6025000.0,15
Heracles Almelo,7187.0,3575000.0,9
Hertha BSC,1077.0,4450000.0,7
Hibernian Football Club,5204.0,2050000.0,18
Hvidovre IF,1306.0,825000.0,7
Ionikos Nikeas,40.0,150000.0,2
Ipswich Town Football Club,4645.0,44000000.0,2
Istanbulspor,1129.0,800000.0,12
Juventus Football Club,9767.0,108825000.0,11
KAS Eupen,3350.0,5325000.0,15
KV Oostende,664.0,275000.0,4
Kasımpaşa Spor Kulübü,7308.0,6925000.0,25
Kayserispor Kulübü,5418.0,3425000.0,16
Kieler Sportvereinigung Holstein von 1900,0.0,100000.0,1
Kilmarnock Football Club,10167.0,5225000.0,16
Koninklijke Atletiek Associatie Gent,9306.0,18600000.0,14
Koninklijke Beerschot Voetbalclub Antwerpen,4793.0,5050000.0,13
Koninklijke Racing Club Genk,14523.0,65300000.0,16
Koninklijke Sint-Truidense Voetbalvereniging,256.0,1225000.0,10
Koninklijke Voetbal Club Westerlo,13387.0,26325000.0,18
Koninklijke Voetbalclub Kortrijk,7744.0,8750000.0,18
Konyaspor,1323.0,2450000.0,15
LNZ Cherkasy,2086.0,1550000.0,7
Le Havre Athletic Club,3519.0,11550000.0,12
Leeds United,3058.0,24100000.0,11
Leicester City Football Club,11671.0,67450000.0,8
Levante UD,0.0,100000.0,1
Lille Olympique Sporting Club,6596.0,64500000.0,20
Liverpool Football Club,4730.0,44200000.0,18
Livingston FC,309.0,600000.0,7
Luton Town,207.0,550000.0,9
Lyngby Boldklubben af 1921,5773.0,3425000.0,21
MKE Ankaragücü,29.0,750000.0,13
Manchester City Football Club,16030.0,227600000.0,15
Manchester United Football Club,20840.0,189250000.0,18
Metalist 1925 Kharkiv,3504.0,775000.0,13
Metalist Kharkiv,979.0,140000.0,15
Montpellier Hérault Sport Club,5734.0,10600000.0,15
Moreirense Futebol Clube,408.0,1900000.0,7
Motherwell Football Club,12755.0,7400000.0,24
NK Veres Rivne,2052.0,750000.0,12
Newcastle United Football Club,7881.0,60100000.0,9
Nijmegen Eendracht Combinatie,10368.0,10375000.0,15
Nooit Opgeven Altijd Doorzetten Aangenaam Door Vermaak En Nuttig Door Ontspanning Combinatie Breda,4421.0,7150000.0,7
Norwich City,0.0,0.0,1
Nottingham Forest Football Club,401.0,2450000.0,7
Odense Boldklub,1055.0,1800000.0,14
Olympiakos Syndesmos Filathlon Peiraios,3918.0,16775000.0,9
Olympique Gymnaste Club Nice Côte d'Azur,16378.0,38500000.0,15
Olympique Lyonnais,20828.0,84450000.0,12
Olympique de Marseille,1496.0,19675000.0,18
Omilos Filathlon Irakliou FC,1994.0,1050000.0,14
Oud-Heverlee Leuven,6882.0,15300000.0,7
PAS Giannina,220.0,375000.0,6
PAS Lamia 1964,403.0,525000.0,9
PFK CSKA Moskva,12659.0,17125000.0,15
PFK Krylya Sovetov Samara,7719.0,3560000.0,16
PFK Lviv,240.0,35000.0,10
Panathinaikos Athlitikos Omilos,10.0,1175000.0,9
Panetolikos Agrinio,1189.0,550000.0,9
Panserraikos Serres,2117.0,700000.0,13
Panthessalonikios Athlitikos Omilos Konstantinoupoliton,2682.0,8100000.0,6
Paris Saint-Germain Football Club,22906.0,226100000.0,15
Parma Calcio 1913,4205.0,41600000.0,6
Pendikspor,42.0,150000.0,5
Portimonense SC,2145.0,1900000.0,6
Prins Hendrik Ende Desespereert Nimmer Combinatie Zwolle,6050.0,4700000.0,13
RFC Seraing,542.0,350000.0,3
RFK Akhmat Grozny,1168.0,935000.0,7
RWD Molenbeek,4341.0,3675000.0,6
Racing Club de Lens,5718.0,23250000.0,11
Racing Club de Strasbourg Alsace,26513.0,123200000.0,27
Randers Fodbold Club,5449.0,3600000.0,17
Rangers Football Club,8350.0,11100000.0,14
RasenBallsport Leipzig,27206.0,222425000.0,20
Rayo Vallecano de Madrid S.A.D.,615.0,750000.0,3
Real Betis Balompié S.A.D.,1920.0,16175000.0,10
Real Club Celta de Vigo S. A. D.,9532.0,29400000.0,7
Real Club Deportivo Mallorca S.A.D.,154.0,675000.0,9
Real Madrid Club de Fútbol,20758.0,266400000.0,8
Real Sociedad de Fútbol S.A.D.,15162.0,38000000.0,4
Real Valladolid Club de Fútbol S.A.D.,2537.0,6400000.0,6
Reial Club Deportiu Espanyol de Barcelona S.A.D.,4496.0,14500000.0,6
Rio Ave Futebol Clube,7679.0,11200000.0,10
Rooms Katholieke Combinatie Waalwijk,4981.0,1275000.0,4
Ross County Football Club,4462.0,1100000.0,14
Royal Antwerp Football Club,11298.0,25250000.0,19
Royal Charleroi Sporting Club,3764.0,6600000.0,14
Royal Sporting Club Anderlecht,10858.0,29400000.0,11
Royal Standard Club de Liège,10371.0,17350000.0,17
Royale Union Saint-Gilloise,15491.0,31800000.0,14
SC Cambuur Leeuwarden,0.0,0.0,1
SC Dnipro-1,906.0,800000.0,8
SD Eibar,0.0,0.0,1
SV Darmstadt 98,2385.0,4500000.0,4
SV Zulte Waregem,1461.0,1350000.0,4
Saint Johnstone Football Club,6366.0,1650000.0,18
Saint Mirren Football Club,1463.0,1400000.0,17
Samsunspor,1747.0,1550000.0,12
Sevilla Fútbol Club S.A.D.,4282.0,17300000.0,10
Sheffield United,2579.0,4350000.0,12
Silkeborg Idrætsforening,4851.0,2900000.0,10
Sivasspor Kulübü,860.0,1850000.0,14
Società Sportiva Calcio Napoli,10.0,3725000.0,9
Società Sportiva Lazio S.p.A.,9724.0,28800000.0,10
Southampton Football Club,11855.0,66900000.0,13
Sparta Rotterdam,7494.0,13225000.0,17
Spezia Calcio,0.0,235000.0,5
Sport Lisboa e Benfica,16152.0,90150000.0,11
Sport-Club Freiburg,122.0,3950000.0,4
Sportclub Heerenveen,12727.0,19350000.0,20
Sporting Clube Farense,770.0,400000.0,2
Sporting Clube de Braga,6209.0,39500000.0,10
Sporting Clube de Portugal,25188.0,153000000.0,13
Sportverein Werder Bremen von 1899,3299.0,7275000.0,9
Stade Rennais Football Club,4076.0,30200000.0,14
Stade brestois 29,4360.0,13500000.0,8
Stade de Reims,12106.0,42950000.0,20
Sønderjyske Fodbold,3090.0,1750000.0,9
The Celtic Football Club,6502.0,13525000.0,12
Torino Calcio,4250.0,16100000.0,17
Torpedo Moscow,0.0,100000.0,1
Tottenham Hotspur Football Club,13329.0,138500000.0,10
Toulouse Football Club,8416.0,25300000.0,12
Trabzonspor Kulübü,3320.0,6550000.0,10
Turn- und Sportgemeinschaft 1899 Hoffenheim Fußball-Spielbetriebs,7638.0,56225000.0,13
UC Sampdoria,574.0,1160000.0,8
UD Almería,5615.0,13700000.0,10
US Cremonese,15.0,175000.0,3
US Salernitana 1919,112.0,1025000.0,14
US Sassuolo,2722.0,14060000.0,13
Udinese Calcio,1258.0,16370000.0,19
Unione Sportiva Lecce,1926.0,5775000.0,12
Unión Deportiva Las Palmas S.A.D.,10530.0,50500000.0,8
Ural Yekaterinburg,1625.0,1125000.0,6
VVV-Venlo,102.0,200000.0,1
Valencia Club de Fútbol S. A. D.,14341.0,63425000.0,10
Vejle Boldklub,4089.0,2360000.0,18
Venezia Football Club,2841.0,4810000.0,8
Verein für Bewegungsspiele Stuttgart 1893,7147.0,33100000.0,15
Verein für Leibesübungen Bochum 1848 Fußballgemeinschaft,2706.0,6800000.0,7
Verein für Leibesübungen Wolfsburg,10001.0,39425000.0,11
Verona Hellas Football Club,7898.0,15500000.0,20
Viborg Fodsports Forening,11755.0,6650000.0,19
Villarreal Club de Fútbol S.A.D.,4817.0,21000000.0,7
Vitesse Arnhem,3073.0,3350000.0,10
Vitória Sport Clube,1094.0,2100000.0,7
Volou Neos Podosferikos Syllogos,4448.0,2175000.0,8
Vorskla Poltava,16823.0,3200000.0,13
Watford FC,0.0,0.0,1
West Bromwich Albion,0.0,150000.0,1
West Ham United Football Club,4432.0,60050000.0,13
Willem II,5126.0,2700000.0,7
Wolverhampton Wanderers Football Club,8311.0,38350000.0,20
Yellow-Red Koninklijke Voetbalclub Mechelen,2534.0,5025000.0,18
Yeni Malatyaspor,0.0,370000.0,9
ZAO FK Chornomorets Odessa,13581.0,3150000.0,21
Çaykur Rizespor Kulübü,1020.0,3775000.0,17
Ümraniyespor,33.0,35000.0,6
İstanbul Başakşehir Futbol Kulübü,4289.0,3970000.0,19
"Футбольный клуб ""Локомотив"" Москва",20535.0,27850000.0,15
